no,transformed,original-for,transformation
19,sampe,sampai,sound-alter
29,dgn,dengan,disemvoweling
32,org,orang,disemvoweling
34,karna,karena,disemvoweling
35,tu,itu,disemvoweling
39,haha,hahaha,shorten
40,jd,jadi,disemvoweling
42,jg,juga,disemvoweling
47,resto,restoran,shorten
48,jgn,jangan,disemvoweling
49,trus,terus,disemvoweling
54,mba,mbak,shorten
58,rs,rumah sakit,acronym
59,sm,sama,disemvoweling
60,dg,dengan,disemvoweling
61,tdk,tidak,disemvoweling
62,sdh,sudah,disemvoweling
63,makasih,terima kasih,shorten
67,jln,jalan,disemvoweling
71,rm,rumah makan,acronym
73,skrg,sekarang,disemvoweling
74,krn,karena,disemvoweling
75,blm,belum,disemvoweling
76,tetep,tetap,sound-alter
79,kemana,ke mana,space-dash
80,yaaa,ya,sound-alter
82,malem,malam,sound-alter
83,sy,saya,disemvoweling
84,komplek,kompleks,shorten
86,cm,cuma,disemvoweling
88,segini,sebegini,shorten
92,bs,bisa,disemvoweling
94,adek,adik,sound-alter
95,kab,kabupaten,acronym
97,mulu,melulu,shorten
99,ngantuk,mengantuk,affixation
101,hahahaha,hahaha,sound-alter
102,milih,memilih,affixation
103,ntar,sebentar,shorten
104,seneng,senang,sound-alter
105,belom,belum,sound-alter
108,ongkir,ongkos kirim,acronym
110,males,malas,sound-alter
111,sholat,salat,sound-alter
115,kemaren,kemarin,sound-alter
117,ngapain,sedang apa,affixation
119,nyari,mencari,affixation
120,kec,kecamatan,acronym
121,aq,aku,sound-alter
124,bio,biodata,acronym
125,kesini,ke sini,space-dash
126,dpt,dapat,disemvoweling
127,tpi,tetapi,disemvoweling
128,asik,asyik,shorten
129,dlu,dulu,disemvoweling
130,ngerti,mengerti,affixation
131,bg,bang,disemvoweling
133,cepet,cepat,sound-alter
134,inget,ingat,sound-alter
135,warkop,warung kopi,acronym
137,1009mb,1009 mb,space-dash
139,maen,main,sound-alter
141,dirumah,di rumah,space-dash
144,diatas,di atas,space-dash
145,msh,masih,disemvoweling
146,disana,di sana,space-dash
147,ad,ada,disemvoweling
148,ustadz,ustaz,shorten
151,dejavu,deja vu,space-dash
152,26c,26 c,space-dash
153,eu,eropa,acronym
154,kl,kalau,disemvoweling
155,kerjaan,pekerjaan,shorten
158,trs,terus,disemvoweling
160,27c,27 c,space-dash
161,prov,provinsi,acronym
162,25c,25 c,space-dash
163,kasian,kasihan,shorten
166,dri,dari,disemvoweling
170,jdi,jadi,disemvoweling
174,28c,28 c,space-dash
175,makeup,make up,space-dash
177,st,stasiun,acronym
180,disaat,di saat,space-dash
181,jan,januari,acronym
182,masi,masih,shorten
183,td,tadi,disemvoweling
184,dibawah,di bawah,space-dash
186,teman2,teman-teman,space-dash
187,5kmh,5 kmh,space-dash
188,hmmm,hmm,shorten
189,anak2,anak-anak,space-dash
190,kaltim,kalimantan timur,acronym
191,ngobrol,mengobrol,affixation
192,aj,saja,shorten
193,laper,lapar,disemvoweling
194,1008mb,1008 mb,space-dash
195,fb,facebook,acronym
196,orang2,orang-orang,space-dash
197,cowo,cowok,shorten
198,insyaallah,insya allah,space-dash
199,24c,24 c,space-dash
201,ngajak,mengajak,affixation
206,dll,dan lain-lain,acronym
207,mm,hmm,shorten
210,fm,football manager,acronym
212,1011mb,1011 mb,space-dash
217,okay,oke,sound-alter
218,slalu,selalu,disemvoweling
219,keliatan,kelihatan,shorten
220,cobain,mencoba,affixation
223,baper,bawa perasaan,acronym
224,ngerasa,merasa,affixation
225,huhu,huhuhu,shorten
226,29c,29 c,space-dash
228,adha,ada,sound-alter
229,diantara,di antara,space-dash
231,tiba2,tiba-tiba,space-dash
232,komen,komentar,shorten
234,pinter,pintar,sound-alter
235,ultah,ultang tahun,acronym
237,nemu,menemukan,affixation
239,ilang,hilang,shorten
240,smoga,semoga,disemvoweling
241,yaallah,ya allah,space-dash
242,nambah,menambah,affixation
247,diluar,di luar,space-dash
248,dj,disk jokey,acronym
252,bodo,bodoh,shorten
253,ato,atau,sound-alter
254,tl,timeline,acronym
255,mager,malas bergerak,acronym
256,wkwkwkw,hahaha,sound-alter
258,hj,haji,disemvoweling
259,thn,tahun,disemvoweling
260,shalat,salat,sound-alter
262,ttg,tentang,disemvoweling
263,jga,juga,disemvoweling
264,mt,mati,disemvoweling
266,ttp,tetap,disemvoweling
267,smua,semua,disemvoweling
268,bucin,budak cinta,acronym
269,hahah,hahaha,shorten
270,curhat,curahan hati,acronym
271,indo,indonesia,shorten
276,bkn,bukan,disemvoweling
277,poto,foto,sound-alter
279,sempet,sempat,sound-alter
280,jkt,jakarta,disemvoweling
281,nobar,nonton bareng,acronym
282,skrng,sekarang,disemvoweling
284,bosen,bosan,disemvoweling
285,sebenernya,sebenarnya,sound-alter
287,lbh,lebih,disemvoweling
288,kepikiran,terpikir,affixation
289,des,desember,acronym
290,syg,sayang,disemvoweling
291,gara2,gara-gara,space-dash
292,barokah,berkah,sound-alter
294,pingin,ingin,sound-alter
295,sama2,sama-sama,space-dash
301,warunk,warung,sound-alter
303,nyobain,mencoba,affixation
304,jateng,jawa tengah,acronym
308,ngumpul,berkumpul,affixation
309,0kmh,0 kmh,space-dash
310,nemenin,menemani,affixation
313,alloh,allah,sound-alter
316,kedepan,ke depan,space-dash
321,kanwil,kantor wilayah,acronym
323,dtg,datang,disemvoweling
324,feb,februari,acronym
325,sumsel,sumatera selatan,acronym
329,kalbar,kalimantan barat,acronym
330,mikirin,memikirkan,affixation
333,kesana,ke sana,space-dash
334,iyaaa,iya,sound-alter
337,30c,30 c,space-dash
338,bgst,bangsat,disemvoweling
339,nnti,nanti,disemvoweling
340,disitu,di situ,space-dash
341,mw,mau,sound-alter
342,dipake,dipakai,sound-alter
343,nov,november,acronym
345,pp,pulang-pergi,acronym
347,satu2nya,satu-satunya,space-dash
352,ngerasain,merasakan,affixation
353,sya,saya,disemvoweling
354,hrs,harus,disemvoweling
355,23c,23 c,space-dash
357,postingan,post,shorten
360,plg,pulang,disemvoweling
361,ayok,ayo,sound-alter
363,byk,banyak,disemvoweling
364,sambel,sambal,sound-alter
365,ijo,hijau,sound-alter
368,apa2,apa-apa,space-dash
369,pagi2,pagi-pagi,space-dash
371,berfikir,berpikir,sound-alter
372,didalam,di dalam,space-dash
374,makasi,terima kasih,shorten
375,tdr,tidur,disemvoweling
376,ngeluh,mengeluh,affixation
380,bukber,buka bersama,acronym
381,ditempat,di tempat,space-dash
385,kerasa,terasa,affixation
386,gegara,gara-gara,shorten
387,serem,seram,sound-alter
388,kp,kerja praktek,acronym
389,mutualan,mutual,affixation
390,31c,31 c,space-dash
395,yaaaa,ya,sound-alter
396,dimanapun,di mana pun,space-dash
398,nyoba,mencoba,affixation
399,hahahah,hahaha,sound-alter
401,gemes,gemas,sound-alter
402,hahahahaha,hahaha,sound-alter
403,nyo,ayo,sound-alter
405,didepan,di depan,space-dash
407,sultra,sulawesi tenggara,acronym
409,alay,anak layangan,acronym
412,pesen,pesan,sound-alter
413,2x,dua kali,shorten
416,kg,kilogram,acronym
417,ska,suka,disemvoweling
418,suka2,suka-suka,space-dash
419,wkwkkw,hahaha,sound-alter
421,ruko,rumah toko,acronym
422,tida,tidak,shorten
423,hape,handphone,acronym
425,skali,sekali,disemvoweling
427,semalem,semalam,sound-alter
429,emng,emang,disemvoweling
430,kito,kita,sound-alter
432,halu,halusinasi,shorten
433,jt,juta,disemvoweling
435,akutu,aku itu,shorten
436,mmg,memang,disemvoweling
437,klu,kalau,disemvoweling
441,yukk,ayo,sound-alter
443,ntah,entah,shorten
447,orng,orang,disemvoweling
450,app,aplikasi,acronym
451,jak,jakarta,acronym
452,pakek,pakai,sound-alter
455,bru,baru,disemvoweling
456,ori,original,shorten
457,pilpres,pemilihan presiden,acronym
458,sholeh,saleh,sound-alter
460,orangtua,orang tua,space-dash
461,atjeh,aceh,sound-alter
464,kerjasama,kerja sama,space-dash
466,ngapa,mengapa,affixation
467,tb,tiba,disemvoweling
469,ngerjain,mengerjakan,affixation
470,cp,capai,disemvoweling
472,pr,pekerjaan rumah,acronym
476,doain,doakan,affixation
477,ulakkarang,ulak karang,space-dash
478,sumut,sumatera utara,acronym
479,17cm,17 cm,space-dash
480,spt,seperti,disemvoweling
485,jatim,jawa timur,acronym
487,aktifitas,aktivitas,sound-alter
490,ap,apa,disemvoweling
495,nahan,menahan,affixation
496,1017mb,1017 mb,space-dash
498,ayoo,ayo,sound-alter
499,hiya,hai,sound-alter
504,drpd,daripada,disemvoweling
505,pantes,pantas,sound-alter
508,1012mb,1012 mb,space-dash
510,nego,negosiasi,shorten
514,sblm,sebelum,disemvoweling
515,komp,komputer,acronym
516,dl,dulu,disemvoweling
517,lt,lantai,disemvoweling
519,pk,pakai,disemvoweling
522,ijin,izin,sound-alter
523,bsk,besok,disemvoweling
524,mk,maka,disemvoweling
525,sodara,saudara,sound-alter
527,blum,belum,disemvoweling
531,idup,hidup,shorten
532,usa,usah,shorten
534,bem,badan eksekutif mahasiswa,acronym
535,pemprov,pemerintah provinsi,acronym
536,tmn,teman,disemvoweling
537,dijalan,di jalan,space-dash
539,pkl,pukul,disemvoweling
540,200rb,"""200.000""",shorten
543,rmh,rumah,disemvoweling
544,yaampun,ya ampun,space-dash
545,pendikar,pendekar,sound-alter
551,sj,saja,disemvoweling
554,segitu,sebegitu,shorten
555,lngsng,langsung,disemvoweling
556,tsb,tersebut,disemvoweling
559,ditengah,di tengah,space-dash
563,dy,dia,shorten
564,kw,kualitas,shorten
569,babybenz,baby benz,space-dash
570,dibidang,di bidang,space-dash
571,baik2,baik-baik,space-dash
573,1018mb,1018 mb,space-dash
574,yuks,ayo,sound-alter
576,apo,apa,sound-alter
578,ver,versi,shorten
580,tdi,tadi,disemvoweling
581,plt,pelaksana tugas,acronym
582,wkwkwkwkwk,hahaha,sound-alter
583,ortu,orang tua,acronym
585,hahaa,hahaha,sound-alter
586,kampoeng,kampung,sound-alter
588,fav,favorit,shorten
589,os,operating system,acronym
591,jw,jiwa,disemvoweling
592,liatin,lihatkan,affixation
593,pulo,pulau,sound-alter
594,catering,katering,sound-alter
595,taqwa,takwa,sound-alter
596,pb,point blank,acronym
598,bgtu,begitu,disemvoweling
599,muaro,muara,sound-alter
601,kira2,kira-kira,space-dash
603,apasih,apa,space-dash
606,nyambung,menyambung,affixation
607,kopdar,kopi darat,acronym
608,106m,106 m,space-dash
609,naek,naik,sound-alter
611,dibelakang,di belakang,space-dash
612,ud,sudah,shorten
614,dps,denpasar,disemvoweling
616,nabung,menabung,affixation
618,mancing,memancing,affixation
620,maksa,memaksa,affixation
629,wrna,warna,disemvoweling
634,bbrp,beberapa,disemvoweling
635,tkg,tukang,disemvoweling
636,bli,beli,disemvoweling
640,pulak,pula,sound-alter
641,uwu,lucu,sound-alter
642,yoo,ayo,sound-alter
643,lagii,lagi,sound-alter
648,cpt,cepat,disemvoweling
650,nyangka,menyangka,affixation
651,ayooo,ayo,sound-alter
652,mabok,mabuk,sound-alter
653,mantep,mantap,sound-alter
659,sllu,selalu,disemvoweling
661,siap2,siap-siap,space-dash
662,mkn,makan,disemvoweling
669,tlah,telah,disemvoweling
670,ajalah,saja-lah,shorten
675,rsia,rahasia,shorten
676,cmn,cuman,disemvoweling
679,ahhh,ah,sound-alter
681,sihh,sih,sound-alter
682,dongg,dong,sound-alter
683,disetiap,di setiap,space-dash
684,nelpon,menelepon,shorten
685,leh,lah,sound-alter
687,nich,ini,sound-alter
688,anying,anjing,sound-alter
689,biarin,biarkan,affixation
691,nyuruh,menyuruh,affixation
695,lp,lupa,disemvoweling
696,difoto,di foto,space-dash
698,kawan2,kawan-kawan,space-dash
707,mbk,mbak,disemvoweling
708,foto2,foto-foto,space-dash
709,benar2,benar-benar,space-dash
710,mrk,mereka,disemvoweling
711,dikala,di kala,space-dash
713,msih,masih,disemvoweling
730,kpn,kapan,disemvoweling
734,telp,telepon,shorten
736,mayan,lumayan,shorten
737,wkwkk,hahaha,sound-alter
740,diluaran,di luaran,space-dash
742,tlp,telepon,disemvoweling
743,ds,desa,disemvoweling
745,hadeh,aduh,sound-alter
747,nnton,menonton,disemvoweling
748,hayu,ayo,sound-alter
749,notif,notifikasi,shorten
750,jugak,juga,sound-alter
752,ibu2,ibu-ibu,space-dash
754,ngambil,mengambil,affixation
755,ihh,ih,sound-alter
756,bln,bulan,disemvoweling
757,temenku,temanku,sound-alter
762,putera,putra,sound-alter
763,nikahan,pernikahan,shorten
764,dpn,depan,disemvoweling
767,bangke,bangkai,sound-alter
769,wqwq,hahaha,sound-alter
771,laen,lain,sound-alter
773,wktu,waktu,disemvoweling
774,ank,anak,disemvoweling
775,yauda,iya sudah,shorten
777,bathin,batin,sound-alter
778,enakan,lebih enak,affixation
780,bdg,Bandung,disemvoweling
781,hati2,hati-hati,space-dash
782,yukkk,ayo,sound-alter
783,boong,bohong,sound-alter
784,ketemuan,bertemu,affixation
785,becanda,bercanda,sound-alter
786,pdhal,padahal,disemvoweling
788,laki2,laki-laki,space-dash
795,seringkali,sering kali,space-dash
801,yng,yang,disemvoweling
803,mreka,mereka,disemvoweling
804,nagih,menagih,affixation
807,yaah,yah,sound-alter
812,diliat,dilihat,sound-alter
813,hehehehe,hahaha,sound-alter
814,trima,terima,sound-alter
815,apaa,apa,sound-alter
816,waena,wah enak,sound-alter
817,macem,macam,sound-alter
818,ngantor,ke kantor,affixation
819,gratisss,gratis,sound-alter
827,kambingbuntutdaging,kambing buntut daging,space-dash
832,sll,selalu,disemvoweling
847,bete,bosan total,acronym
849,ngeselin,mengesalkan,affixation
856,ay,sayang,shorten
859,malming,malam minggu,acronym
863,pku,pusat kesehatan umum,acronym
866,sr,senior,acronym
868,fotoin,memotretkan,affixation
873,banyakin,dibanyaki,affixation
874,ngucapin,mengucapkan,affixation
877,mudah2an,mudah-mudahan,space-dash
887,lewati,melewati,shorten
888,tidor,tidur,sound-alter
890,oleh2,oleh-oleh,space-dash
891,hahahahah,hahaha,sound-alter
894,nyantai,bersantai,affixation
895,ngisi,mengisi,affixation
897,sndiri,sendiri,disemvoweling
898,ngetik,mengetik,affixation
899,cma,cuman,disemvoweling
900,kerjo,kerja,sound-alter
901,drg,dokter gigi,acronym
902,ngetweet,membuat tweet,affixation
906,nerima,menerima,affixation
907,maafin,maafkan,affixation
908,kraton,keraton,disemvoweling
909,gatel,gatal,sound-alter
911,jagain,menjaga,affixation
916,nyerah,menyerah,affixation
917,300rb,300 ribu,acronym
921,jelasin,menjelaskan,affixation
924,hal2,hal-hal,space-dash
927,nolak,menolak,affixation
932,japri,jalur pribadi,acronym
933,megang,memegang,affixation
934,spd,sarjana pendidikan,acronym
935,nasgor,nasi goreng,acronym
936,prnh,pernah,disemvoweling
937,ngumpulin,mengumpulkan,affixation
940,untk,untuk,disemvoweling
945,ngantri,mengantri,affixation
949,jingan,bajingan,shorten
952,ngejar,mengejar,affixation
955,slamat,selamat,disemvoweling
959,ponsel,telepon selular,acronym
960,petrus,pepet terus,acronym
962,jr,junior,acronym
965,grgr,gara-gara,disemvoweling
966,hrus,harus,disemvoweling
968,yahhh,yah,sound-alter
969,1x,sekali,shorten
970,haii,hai,sound-alter
971,bumil,ibu hamil,acronym
973,pede,percaya diri,acronym
974,10km,10 kilometer,acronym
977,dikamar,di kamar,space-dash
980,taon,tahun,sound-alter
981,fikiran,pikiran,sound-alter
982,lohh,lho,sound-alter
983,jm,jam,disemvoweling
985,ngatain,mengatai,affixation
986,fk,fakultas kedokteran,acronym
987,100k,100 ribu,acronym
988,dimasa,di masa,space-dash
993,yaaaaa,iya,sound-alter
998,syantik,cantik,sound-alter
999,jadiin,jadikan,affixation
1001,ajakin,mengajak,acronym
1007,hri,hari,disemvoweling
1008,laah,lah,sound-alter
1010,hahha,hahaha,sound-alter
1011,smpai,sampai,disemvoweling
1013,hayuk,ayo,sound-alter
1014,genk,geng,sound-alter
1019,adoh,aduh,sound-alter
1021,hahahaa,hahaha,sound-alter
1023,rasah,rasa,sound-alter
1024,dehh,deh,sound-alter
1025,ngatur,mengatur,affixation
1027,bapak2,bapak-bapak,space-dash
1028,wkwkwkwkw,hahaha,sound-alter
1029,ngirim,mengirim,affixation
1030,berenti,berhenti,sound-alter
1035,jalanin,menjalani,affixation
1036,wkwkwkkw,hahaha,sound-alter
1040,kebalik,terbalik,affixation
1042,ketum,ketua umum,acronym
1044,sebrang,seberang,disemvoweling
1045,nanyain,menanyakan,affixation
1048,ngampus,ke kampus,affixation
1049,alus,halus,shorten
1053,dimata,di mata,space-dash
1055,bks,bekas,disemvoweling
1058,agan,juragan,shorten
1060,kurangi,mengurangi,shorten
1061,ngeluarin,mengeluarkan,affixation
1062,hnya,hanya,disemvoweling
1063,brigjen,brigadir jenderal,acronym
1065,juve,juventus,shorten
1066,ngabisin,menghabiskan,affixation
1067,skli,sekali,disemvoweling
1068,kaki2,kaki-kaki,space-dash
1070,mcm,macam,disemvoweling
1071,dolo,dulu,sound-alter
1072,didalamnya,di dalamnya,space-dash
1073,ngajar,mengajar,affixation
1076,lakuin,lakukan,affixation
1077,hayoo,ayo,sound-alter
1078,ditahun,di tahun,space-dash
1080,ditanyain,ditanyai,affixation
1081,ndut,gendut,shorten
1083,uga,juga,shorten
1084,bsok,besok,disemvoweling
1087,mentri,menteri,disemvoweling
1088,saia,saya,sound-alter
1089,bermacam2,bermacam-macam,space-dash
1090,matiin,matikan,affixation
1091,hu,huhuhu,shorten
1093,sehat2,sehat-sehat,space-dash
1094,skarang,sekarang,disemvoweling
1095,sprti,seperti,disemvoweling
1096,lau,kalau,shorten
1099,soale,soalnya,sound-alter
1100,ditemenin,ditemani,affixation
1101,nopember,november,sound-alter
1102,dpat,dapat,disemvoweling
1103,kedalam,ke dalam,space-dash
1104,hahahahahaha,hahaha,shorten
1105,hbs,habis,disemvoweling
1106,mn,mana,disemvoweling
1107,diantaranya,di antaranya,space-dash
1115,nyetir,menyetir,affixation
1116,okey,oke,sound-alter
1118,trims,terima kasih,shorten
1119,kalok,kalau,sound-alter
1122,cb,coba,disemvoweling
1123,kebawa,terbawa,affixation
1124,kenalin,kenalkan,affixation
1125,kakk,kak,sound-alter
1126,idung,hidung,sound-alter
1127,bw,bawa,disemvoweling
1131,ngikut,mengikuti,affixation
1132,dibales,dibalas,sound-alter
1133,nengok,menengok,affixation
1134,jatoh,jatuh,sound-alter
1138,udahlah,sudahlah,shorten
1139,8th,8 tahun,shorten
1141,mangat,semangat,shorten
1143,kann,kan,sound-alter
1144,brarti,berarti,disemvoweling
1149,bapakibu,bapak ibu,space-dash
1150,dkt,dekat,disemvoweling
1151,kerjaannya,pekerjaannya,shorten
1152,anter,antar,sound-alter
1155,mauuu,mau,sound-alter
1156,mauu,mau,sound-alter
1157,minjem,pinjam,sound-alter
1161,kemanapun,ke manapun,space-dash
1162,dijadiin,dijadikan,affixation
1163,slmt,selamat,disemvoweling
1164,rekan2,rekan-rekan,space-dash
1165,trnyata,ternyata,disemvoweling
1168,jngan,jangan,disemvoweling
1169,pemko,pemerintah kota,acronym
1170,haloo,halo,sound-alter
1171,seriusan,serius,affixation
1172,haduh,aduh,sound-alter
1175,kebanggan,kebanggaan,disemvoweling
1177,tks,terima kasih,acronym
1179,hayooo,ayo,sound-alter
1181,dikota,di kota,space-dash
1184,sja,saja,disemvoweling
1185,saos,saus,sound-alter
1186,tambahin,menambahkan,affixation
1187,ujung2nya,ujung-ujungnya,space-dash
1190,mosok,masa,sound-alter
1192,gantian,bergantian,shorten
1193,darimana,dari mana,space-dash
1194,adik2,adik-adik,space-dash
1195,rakor,rapat koordinasi,acronym
1199,silaturrahmi,silaturahmi,sound-alter
1201,pg,pagi,disemvoweling
1202,wkkwkw,hahaha,sound-alter
1203,akhir2,akhir-akhir,space-dash
1204,kesian,kasihan,sound-alter
1205,depo,depot,shorten
1208,dikantor,di kantor,space-dash
1210,tuu,itu,sound-alter
1216,kadis,kepala dinas,acronym
1218,perna,pernah,shorten
1219,ngangenin,mengangeni,affixation
1221,dlingo,Duo Lingo,shorten
1222,emangnya,memangnya,shorten
1224,smga,semoga,disemvoweling
1225,kebawah,ke bawah,space-dash
1226,gn,begini,disemvoweling
1227,pnya,punya,disemvoweling
1233,allahuakbar,allahu akbar,space-dash
1234,fpi,front pembela islam,acronym
1235,ngalamin,mengalami,affixation
1236,pda,pada,disemvoweling
1237,ceritain,ceritakan,affixation
1238,kerjain,kerjakan,affixation
1239,emot,emote,disemvoweling
1240,bisaa,bisa,sound-alter
1241,uuu,huhuhu,sound-alter
1242,adlh,adalah,disemvoweling
1243,bhs,bahas,disemvoweling
1244,aminnn,amin,sound-alter
1245,ngerokok,merokok,affixation
1248,gunungkidul,gunung kidul,space-dash
1254,sdg,sedang,disemvoweling
1255,tanya2,tanya-tanya,space-dash
1257,motoin,memfotokan,affixation
1259,marah2,marah-marah,space-dash
1263,algo,algoritme,shorten
1264,balaikota,balai kota,space-dash
1265,dept,departemen,shorten
1272,stlh,setelah,disemvoweling
1278,ksr,kasar,disemvoweling
1279,pinjem,pinjam,sound-alter
1280,haiii,hai,sound-alter
1282,mngkin,mungkin,disemvoweling
1283,bosss,bos,sound-alter
1284,jeung,jeng,sound-alter
1286,bwt,buat,sound-alter
1287,luruuss,lurus,sound-alter
1288,keatas,ke atas,space-dash
1289,itupun,itu pun,space-dash
1291,tebel,tebal,sound-alter
1293,5x,5 kali,acronym
1295,ngomongnya,omongannya,shorten
1296,menpar,kementrian pariwisata,acronym
1297,wahab,wahabi,shorten
1303,nyebrang,menyebrang,affixation
1312,disekitar,di sekitar,space-dash
1314,ngidam,mengidam,affixation
1318,kdg,kadang,disemvoweling
1319,yutub,youtube,sound-alter
1322,kmrin,kemarin,disemvoweling
1323,kramat,keramat,disemvoweling
1325,jugo,juga,sound-alter
1326,brapa,berapa,disemvoweling
1327,hongkong,hong kong,space-dash
1328,motret,memotret,affixation
1331,pokonya,pokoknya,shorten
1334,tf,tensorflow,acronym
1335,sedikitpun,sedikit pun,space-dash
1339,roemah,rumah,sound-alter
1340,kakak2,kakak-kakak,space-dash
1341,bgini,begini,disemvoweling
1342,yaaah,yah,sound-alter
1343,yach,yah,sound-alter
1344,numpuk,menumpuk,affixation
1345,sdah,sudah,disemvoweling
1347,kebelakang,ke belakang,space-dash
1348,ngamuk,mengamuk,affixation
1349,kwkwkw,hahaha,sound-alter
1350,gratisan,gratis,affixation
1351,nanggung,tanggung,affixation
1352,mls,malas,disemvoweling
1353,wkwkwkk,hahaha,sound-alter
1354,istora,istana olah raga,acronym
1355,bolang,bocah petualang,acronym
1356,ksh,kasih,disemvoweling
1357,tkp,tempat kejadian perkara,acronym
1358,kls,kelas,disemvoweling
1359,samaa,sama,sound-alter
1360,nganti,mengantri,affixation
1361,ngalah,mengalah,affixation
1362,jugaaa,juga,sound-alter
1364,iqro,iqra,sound-alter
1366,rapih,rapi,sound-alter
1372,ngedit,mengedit,affixation
1373,tauu,tahu,sound-alter
1374,ngelakuin,melakukan,affixation
1375,ucapin,ucapkan,affixation
1376,wkt,waktu,disemvoweling
1377,tunjukan,tunjukkan,sound-alter
1378,maem,makan,sound-alter
1380,pdt,padat,disemvoweling
1381,yaak,iya,sound-alter
1382,main2,main-main,space-dash
1383,tlg,tolong,disemvoweling
1385,semuaa,semua,sound-alter
1386,istighfar,istigfar,sound-alter
1387,nurut,menurut,affixation
1388,qu,ku,sound-alter
1390,dpc,dewan pimpinan cabang,acronym
1391,ngilangin,menghilangkan,affixation
1392,nihhh,ini,sound-alter
1393,galo,galau,sound-alter
1394,iyoo,iya,sound-alter
1396,rata2,rata-rata,space-dash
1399,tepar,terkapar,shorten
1400,jend,jendral,shorten
1405,kamuu,kamu,sound-alter
1407,bagi2,bagi-bagi,space-dash
1408,50k,50000,shorten
1410,nyebut,menyebut,affixation
1411,tentrem,tentram,sound-alter
1413,sintesa,sintesis,sound-alter
1415,masa2,masa-masa,space-dash
1417,tungguin,menunggu,affixation
1418,lwat,lewat,disemvoweling
1419,psti,pasti,disemvoweling
1420,onlen,online,sound-alter
1422,tpu,tempat pemakaman umum,acronym
1423,spn,surat pembendaharaan negara,acronym
1425,satgas,satuan tugas,acronym
1426,cita2,cita-cita,space-dash
1427,skalian,sekalian,disemvoweling
1428,pait,pahit,shorten
1429,pny,punya,disemvoweling
1430,keseringan,terlalu sering,affixation
1431,udahan,sudahan,sound-alter
1432,resleting,ritsleting,sound-alter
1434,makasar,makassar,sound-alter
1435,bgitu,begitu,disemvoweling
1440,brrti,berarti,disemvoweling
1445,4x,4 kali,shorten
1447,ips,ilmu pengetahuan sosial,acronym
1449,15k,15000,shorten
1450,lanjutin,lanjutkan,affixation
1452,pelakor,perebut lelaki orang,acronym
1455,paslon,pasangan calon,acronym
1459,sekali2,sekali-sekali,space-dash
1461,tau2,tahu-tahu,space-dash
1462,jangan2,jangan-jangan,space-dash
1465,selebgram,selebriti instagram,acronym
1467,dimarahin,dimarahi,affixation
1468,ngalahin,mengalahkan,affixation
1471,yt,youtube,acronym
1472,malam2,malam-malam,space-dash
1476,kulineran,berkuliner,affixation
1480,skrang,sekarang,disemvoweling
1481,apus,hapus,sound-alter
1483,semangatt,semangat,sound-alter
1486,cr,cara,disemvoweling
1487,tdak,tidak,disemvoweling
1489,akn,akan,disemvoweling
1491,kominfo,komunikasi dan informasi,acronym
1498,kao,kau,sound-alter
1499,gile,gila,sound-alter
1501,nnt,nanti,disemvoweling
1504,adekku,adikku,sound-alter
1511,ituuu,itu,sound-alter
1514,bgmn,bagaimana,disemvoweling
1517,anjirrr,anjing,sound-alter
1518,atw,atau,sound-alter
1519,maqna,makna,sound-alter
1520,mahluk,makhluk,sound-alter
1522,shubuh,subuh,sound-alter
1524,menghianati,mengkhianati,sound-alter
1527,mksdnya,maksudnya,disemvoweling
1528,anjirr,anjing,sound-alter
1529,lbih,lebih,disemvoweling
1530,benerin,benarkan,affixation
1531,bangun2,bangun-bangun,space-dash
1534,nari,menari,affixation
1536,kabid,kepala bidang,acronym
1538,cawapres,calon wakil presiden,acronym
1539,hmmmmm,hm,sound-alter
1540,lagu2,lagu-lagu,space-dash
1541,diliatin,diperlihatkan,affixation
1542,aah,ah,sound-alter
1543,atu,satu,shorten
1545,jakpus,jakarta pusat,acronym
1547,hmi,himpunan mahasiswa indonesia,acronym
1548,dishub,dinas perhubungan,acronym
1549,diawal,di awal,space-dash
1550,ketempat,ke tempat,space-dash
1551,k3,ketiga,sound-alter
1552,lansung,langsung,shorten
1554,lohhh,lho,sound-alter
1557,bedain,membedakan,affixation
1558,diajarin,diajarkan,affixation
1559,akuh,aku,sound-alter
1560,nyariin,mencarikan,affixation
1563,daan,dan,sound-alter
1565,tnggu,tunggu,disemvoweling
1567,kreatifitas,kreativitas,sound-alter
1568,woii,woi,sound-alter
1569,hahhaa,haha,sound-alter
1570,hti,hati,disemvoweling
1572,diacara,di acara,space-dash
1574,adk,arsip data komputer,acronym
1576,mbanya,mbaknya,shorten
1577,nyimak,menyimak,affixation
1579,smlm,semalam,disemvoweling
1580,halooo,halo,sound-alter
1581,tanyain,tanyakan,affixation
1582,dongs,dong,sound-alter
1583,sesok,esok,sound-alter
1584,diujung,di ujung,space-dash
1585,ingetin,ingatkan,affixation
1587,heuheu,hehe,sound-alter
1588,ala2,ala-ala,space-dash
1589,assalammualaikum,assalamualaikum,sound-alter
1590,baiq,baik,sound-alter
1591,apaaa,apa,sound-alter
1592,okeh,oke,sound-alter
1593,telfon,telepon,sound-alter
1596,paketan,paket,affixation
1597,yuuuk,ayo,sound-alter
1599,smuanya,semuanya,disemvoweling
1600,siapp,siap,sound-alter
1601,lgsung,langsung,disemvoweling
1603,duhhh,aduh,sound-alter
1604,anjg,anjing,disemvoweling
1606,sia2,sia-sia,space-dash
1609,nginap,menginap,affixation
1610,aneh2,aneh-aneh,space-dash
1614,mampet,mampat,sound-alter
1617,masalalu,masa lalu,space-dash
1623,buru2,buru-buru,space-dash
1624,dilakuin,dilakukan,affixation
1625,nyalain,menyalakan,affixation
1626,sni,sini,disemvoweling
1627,insom,insomnia,shorten
1630,ngadepin,menghadapi,affixation
1632,dgr,dengar,disemvoweling
1633,itam,hitam,sound-alter
1634,siii,sih,sound-alter
1636,nyindir,menyindir,affixation
1637,wahaha,hahaha,sound-alter
1638,dipikirin,dipikirkan,affixation
1640,bukittinggi,bukit tinggi,space-dash
1642,25tahun,25 tahun,space-dash
x,25th,25tahun,disemvoweling
1645,amiiin,amin,sound-alter
1649,costum,kostum,sound-alter
1651,bisaaa,bisa,sound-alter
1652,20k,20000,shorten
1653,latian,latihan,shorten
1654,ormas,organisasi massa,acronym
1655,ancur,hancur,sound-alter
1658,dimalam,di malam,space-dash
1661,allhamdulillah,alhamdulillah,sound-alter
1662,kwalitas,kualitas,sound-alter
1663,pesenan,pesanan,sound-alter
1665,ngebayangin,membayangkan,affixation
1668,snorkling,snorkeling,sound-alter
1669,nyesal,menyesal,affixation
1670,saudara2,saudara-saudara,space-dash
1671,jones,jomblo mengenaskan,acronym
1672,heyy,hey,sound-alter
1673,pltu,pembangkit listrik tenaga uap,acronym
1674,kluarga,keluarga,disemvoweling
1675,sensi,sensitif,shorten
1677,disebelah,di sebelah,space-dash
1678,ngotot,mengotot,affixation
1680,banyak2,banyak-banyak,space-dash
1681,blh,boleh,disemvoweling
1682,hha,haha,disemvoweling
1683,ngitung,menghitung,affixation
1685,pgi,pagi,disemvoweling
1690,stelah,setelah,disemvoweling
1691,tosca,toska,sound-alter
1694,semangattt,semangat,sound-alter
1695,ashar,asar,sound-alter
1696,ngentot,mengentot,affixation
1697,degdegan,deg-degan,space-dash
1699,yuu,ayo,sound-alter
1702,udeh,sudah,sound-alter
1703,matkul,mata kuliah,acronym
1705,kurangin,kurangi,affixation
1706,beda2,beda-beda,space-dash
1707,standart,standar,sound-alter
1708,dikampus,di kampus,space-dash
1709,aamin,amin,sound-alter
1710,ipk,indeks prestasi kumulatif,acronym
1711,batre,baterai,sound-alter
1712,donlot,download,sound-alter
1713,dibeliin,dibelikan,affixation
1715,kakkk,kak,sound-alter
1716,kanaan,kanan,sound-alter
1717,basudara,bersaudara,sound-alter
1719,temans,teman,sound-alter
1722,pileg,pilek,sound-alter
1723,ahhhh,ah,sound-alter
1725,woiii,woi,sound-alter
1727,mensukseskan,menyukseskan,affixation
1728,pikirin,pikirkan,affixation
1729,aseli,asli,sound-alter
1730,senengnya,senangnya,sound-alter
1731,ngutang,berhutang,affixation
1732,bulutangkis,bulu tangkis,space-dash
1733,instal,install,sound-alter
1736,aduhh,aduh,sound-alter
1740,hehee,hahaha,sound-alter
1741,keluarin,keluarkan,affixation
1742,indonesias,indonesia,sound-alter
1743,maacih,terima kasih,sound-alter
1744,gosah,tidak usah,sound-alter
1745,tinggalin,tinggalkan,affixation
1746,syech,syekh,sound-alter
1747,warong,warung,sound-alter
1750,kebuka,terbuka,affixation
1752,bosque,bos,sound-alter
1753,waroenk,warung,sound-alter
1754,nyangkut,menyangkut,affixation
1755,terusss,terus,sound-alter
1756,nganu,menganu,affixation
1757,ngobrolin,mengobrol,affixation
1758,muke,muka,sound-alter
1766,akoh,aku,sound-alter
1768,hahahhaa,hahaha,sound-alter
1769,haaa,ha,sound-alter
1770,tyda,tidak,sound-alter
1771,warteg,Warung Tegal,acronym
1773,padasuka,pada suka,space-dash
1777,dilapangan,di lapangan,space-dash
1778,disitulah,di situlah,space-dash
1780,hrg,harga,disemvoweling
1782,ayoooo,ayo,sound-alter
1784,jb,Jual Beli,acronym
1785,sedi,sedih,shorten
1787,ngunyah,mengunyah,affixation
1788,njing,anjing,disemvoweling
1790,10rb,10 ribu,disemvoweling
1793,yeh,ya,sound-alter
1794,kasihhh,kasih,sound-alter
1797,polwan,polisi wanita,acronym
1798,sahabat2,sahabat-sahabat,space-dash
1801,luarbiasa,luar biasa,shorten
1804,lupain,lupakan,affixation
1805,somay,siomay,sound-alter
1806,acheh,aceh,sound-alter
1807,gassss,gas,sound-alter
1808,syang,sayang,disemvoweling
1809,cariin,carikan,affixation
1811,kwkw,hahaha,sound-alter
1812,wqwqwq,hahaha,sound-alter
1818,kliatan,kelihatan,sound-alter
1821,hadeuh,aduh,sound-alter
1823,ttd,tertanda,acronym
1825,dimna,di mana,disemvoweling
1826,samasama,sama-sama,space-dash
1827,tanggungjawab,tanggung jawab,space-dash
1828,djakarta,jakarta,sound-alter
1830,nyanyiin,menyanyikan,affixation
1831,kabupatenkota,kabupaten kota,space-dash
1833,pdahal,padahal,disemvoweling
1834,cucok,cocok,sound-alter
1835,kalii,kali,sound-alter
1837,dilain,di lain,space-dash
1838,cantiq,cantik,sound-alter
1839,jwb,jawab,disemvoweling
1842,meluk,memeluk,affixation
1844,bkan,bukan,disemvoweling
1846,inih,ini,sound-alter
1851,plng,pulang,disemvoweling
1852,lngsung,langsung,disemvoweling
1853,kejepit,terjepit,affixation
1854,anggep,anggap,sound-alter
1855,dhe,deh,rev
1857,karoke,karaoke,sound-alter
1859,seruuu,seru,sound-alter
1860,ummah,umat,sound-alter
1861,diomongin,diomongi,affixation
1863,walo,walau,sound-alter
1864,eneg,enek,sound-alter
1865,xixixi,hahaha,sound-alter
1867,woyy,oi,sound-alter
1869,narik,menarik,affixation
1870,prnah,pernah,disemvoweling
1871,hhe,haha,sound-alter
1872,ajig,anjing,sound-alter
1873,naksir,menaksir,affixation
1874,laaah,lah,sound-alter
1875,allaah,allah,sound-alter
1876,betol,betul,sound-alter
1877,hny,hanya,disemvoweling
1878,mmng,memang,disemvoweling
1879,hedon,hedonisme,shorten
1881,dapoer,dapur,sound-alter
1882,bgus,bagus,disemvoweling
1883,stiap,setiap,disemvoweling
1885,gank,gang,sound-alter
1886,terosss,terus,sound-alter
1888,dibilangin,dibilangi,affixation
1889,udahh,udah,sound-alter
1891,smbil,sambil,disemvoweling
1892,doong,dong,sound-alter
1894,iyak,iya,sound-alter
1895,nutup,menutup,affixation
1896,yuukk,yuk,sound-alter
1898,lhooo,loh,sound-alter
1903,pagiiii,pagi,sound-alter
1904,masok,masuk,sound-alter
1905,nganterin,mengantar,affixation
1906,mnjadi,menjadi,disemvoweling
1907,cobak,coba,sound-alter
1909,telponan,menelpon,affixation
1911,semuaaa,semua,sound-alter
1912,perhatiin,perhatikan,affixation
1915,tuhh,itu,sound-alter
1917,oey,oi,sound-alter
1918,muncak,memuncak,affixation
1922,kalean,kalian,sound-alter
1924,hasilnyaaa,hasilnya,sound-alter
1928,disekolah,di sekolah,space-dash
1929,jastip,jasa titip,acronym
1930,insyaa,insya,sound-alter
1933,tuch,itu,sound-alter
1935,ngebuat,membuat,affixation
1936,motong,memotong,affixation
1938,beresin,membereskan,affixation
1939,buatin,buatkan,affixation
1943,kannn,kan,sound-alter
1944,nawarin,menawarkan,affixation
1945,yasudah,ya sudah,space-dash
1947,nyanding,menyanding,affixation
1951,doh,aduh,sound-alter
1952,gilaaa,gila,sound-alter
1953,nyalakan,menyalakan,affixation
1954,ngulang,mengulang,affixation
1956,ngintip,mengintip,affixation
1958,mantau,memantau,affixation
1961,astagaaa,astaga,sound-alter
1962,bhw,bahwa,disemvoweling
1963,samaaa,sama,sound-alter
1964,hahahahahahaha,hahaha,sound-alter
1965,dengernya,dengarnya,sound-alter
1968,kelaperan,kelaparan,sound-alter
1969,sdr,saudara,disemvoweling
1970,dikirimin,dikirimkan,affixation
1971,msuk,masuk,sound-alter
1975,jajaja,hahaha,sound-alter
1976,smangat,semangat,disemvoweling
1979,msk,masuk,disemvoweling
1981,bambank,bambang,sound-alter
1982,mauuuu,mau,sound-alter
1983,binggung,bingung,sound-alter
1984,itung,hitung,sound-alter
1985,lagiiii,lagi,sound-alter
1986,anterin,antarkan,affixation
1987,bosqu,bosku,sound-alter
1988,bukak,buka,sound-alter
1989,mslh,masalah,disemvoweling
1993,bngst,bangsat,disemvoweling
1994,dilombok,di lombok,space-dash
1996,nyapa,menyapa,affixation
1997,sulthan,sultan,sound-alter
1999,kamuuu,kamu,sound-alter
2000,ngakunya,mengakunya,affixation
2001,kwkwk,hahaha,sound-alter
2002,kocheng,kucing,sound-alter
2007,mlati,melati,disemvoweling
2008,beranih,berani,sound-alter
2010,trlalu,terlalu,sound-alter
2016,suru,suruh,shorten
2017,nipu,tipu,affixation
2018,salahin,salahkan,affixation
2019,tuiter,twitter,sound-alter
2020,iyain,iyakan,affixation
2021,heheheh,hahaha,sound-alter
2022,ughtea,ukhti,sound-alter
2023,slh,salah,disemvoweling
2024,aduhhh,aduh,sound-alter
2026,pegi,pergi,sound-alter
2027,maennya,mainnya,sound-alter
2029,yekan,yakan,sound-alter
2034,nyicil,menyicil,affixation
2036,hbis,habis,disemvoweling
2037,milyar,miliar,sound-alter
2041,kebeli,terbeli,affixation
2042,mesen,pesan,sound-alter
2043,kejebak,terjebak,affixation
2045,tumpa,tumpah,sound-alter
2046,kaks,kak,sound-alter
2047,mbak2,mbak-mbak,space-dash
2048,difotoin,difoto,affixation
2050,ditinggalin,ditinggalkan,affixation
2051,cntik,cantik,disemvoweling
2052,hahahahaa,hahaha,sound-alter
2054,simpen,simpan,sound-alter
2055,mbaaa,mbak,sound-alter
2056,dirumah,di rumah,space-dash
x,drmh,dirumah,disemvoweling
2057,nmr,nomor,disemvoweling
2058,boemi,bumi,sound-alter
2059,nyempil,menyempil,affixation
2060,dngn,dengan,disemvoweling
2061,mekdi,mcd,sound-alter
2063,abng,abang,disemvoweling
2064,sebelom,sebelum,sound-alter
2065,gangguin,ganggu,affixation
2066,ngelihat,melihat,affixation
2068,wkwwk,hahaha,sound-alter
2069,tul,betul,shorten
2070,mantapp,mantap,sound-alter
2072,elek,jelek,sound-alter
2073,bissmillah,bismillah,sound-alter
2074,parpol,partai politik,acronym
2075,ajh,aja,sound-alter
2079,dlam,dalam,disemvoweling
2080,akuuuu,aku,sound-alter
2083,oya,iya,sound-alter
2084,profdr,prof dr,space-dash
2085,mengkonsumsi,mengonsumsi,sound-alter
2086,urusin,urusi,affixation
2087,ngabarin,mengabari,affixation
2088,maenan,mainan,sound-alter
2089,nyet,monyet,shorten
2090,keringetan,berkeringat,affixation
2091,pamutusan,pemutusan,sound-alter
2092,dikampung,di kampung,space-dash
2093,bngun,bangun,disemvoweling
2094,dann,dan,sound-alter
2095,km,kilometer,acronym
2096,pake,pakai,sound-alter
2097,tp,tapi,disemvoweling
2098,bgt,begitu,disemvoweling
2101,org,organisasi,acronym
2103,ngopi,mengopi,affixation
2110,tgl,tinggal,disemvoweling
2111,bio,biologi,shorten
2112,knp,kenapa,disemvoweling
2113,st,stasiun,acronym
2114,nipu,menipu,affixation
2119,del,delete,shorten
2123,masa bodo,masa bodoh,sound-alter
2124,hj,haji,disemvoweling
2127,thn,tahan,disemvoweling
2129,mt,mata,disemvoweling
2130,ttp,tetapi,disemvoweling
2131,tp,tipu,disemvoweling
2132,bts,batas,disemvoweling
2133,kepikiran,terpikirkan,affixation
2134,diaplikasi,diaplikasikan,shorten
2136,ngumpul,mengumpul,affixation
2139,kebon,kebun,sound-alter
2140,kel,keluarga,shorten
2142,kt,kata,disemvoweling
2144,bb,berat badan,acronym
2145,bb,blackberry,acronym
2146,bb,buka-bukaan,acronym
2147,ml,machine learning,acronym
2155,2x,2 kali,shorten
2157,bru,baru,disemvoweling
2158,bales,balas,sound-alter
2160,doain,mendoakan,affixation
2163,makanya,maka dari itu,affixation
2166,tmn,taman,disemvoweling
2167,pkl,pedagang kaki lima,acronym
2168,rmh,rumah,disemvoweling
2171,kw,kilowatt,affixation
2177,jw,jawa,disemvoweling
2182,bangett,banget,sound-alter
2184,blk,balik,disemvoweling
2186,fak,fuck,sound-alter
2187,kgn,kangen,disemvoweling
2189,7 kmh,7 kilometer per hour,acronym
2191,ngechat,mengechat,affixation
2193,etc,Et cetera,acronym
2195,mz,ms,sound-alter
2196,ms,mas,disemvoweling
2197,mv,music video,acronym
2199,gaenak,ga enak,space-dash
2201,decor,decoration,shorten
2203,skg,skrg,sound-alter
2204,skrg,sekarang,disemvoweling
2205,gitu,begitu,shorten
2207,idk,i dont know,acronym
2209,oiya,o iya,space-dash
2210,o iya,oh iya,sound-alter
2211,gausa,ga usa,space-dash
2212,ga usa,ga usah,shorten
2214,bnget,banget,disemvoweling
2217,sngt,sangat,disemvoweling
2218,bodoamat,bodo amat,space-dash
2220,mabar,main bareng,acronym
2222,fams,family,shorten
2224,bgsd,bgst,sound-alter
2225,bgst,bangsat,disemvoweling
2226,bigmall,big mall,space-dash
2229,ol shop,online shop,acronym
2233,klean,klian,sound-alter
2235,emyu,MU,sound-alter
2236,MU,Manchester United,acronym
2237,yesss,yes,sound-alter
2241,mohon maap,mohon maaf,sound-alter
2242,doank,doang,sound-alter
2246,pahami,memahami,affixation
2248,nyadar,sadar,affixation
2250,ngupi,ngopi,sound-alter
2251,ngopi,minum kopi,affixation
2252,ktmu,ketemu,shorten
2257,5 k,5 kilo,acronym
2259,nginep,nginap,sound-alter
2260,nginap,menginap,affixation
2261,yay,yeay,sound-alter
2263,dmna,d mna,space-dash
2264,d mna,di mana,disemvoweling
2265,tw,th,sound-alter
2266,th,tahu,disemvoweling
2267,bangettt,banget,sound-alter
2270,yuks,ayo,sound-alter
2271,dd,adek,sound-alter
2273,mksh,makasih,disemvoweling
2274,makasih,terima kasih,shorten
2275,ngadain,ngadakan,affixation
2276,ngadakan,mengadakan,affixation
2277,nyoblos,coblos,affixation
2279,fyi,for your information,acronym
2281,bangunin,bangunkan,affixation
2283,kemana2,kemana-mana,space-dash
2284,kemana-mana,ke mana-mana,space-dash
2285,nyalahin,nyalahkan,affixation
2286,nyalahkan,menyalahkan,affixation
2287,bawain,bawakan,affixation
2289,baperan,ba peran,space-dash
2291,ngaca,berkaca,affixation
2292,mbaa,mba,sound-alter
2294,yakk,ya,sound-alter
2296,30s,30 s,space-dash
2297,30 s,30 second,acronym
2299,duhh,duh,sound-alter
2301,nyebelin,menyebalkan,affixation
2302,lom,lum,sound-alter
2304,ngingetin,mengingatkan,affixation
2305,nyakitin,menyakiti,affixation
2306,ikutin,mengikuti,affixation
2307,alamin,mengalami,affixation
2308,gbu,god bless you,acronym
2310,gajelas,ga jelas,space-dash
2317,hq,headquarter,acronym
2320,sat nite,saturday nite,shorten
2321,saturday nite,saturday night,sound-alter
2324,d sni,di sini,disemvoweling
2327,orgnya,orangnya,disemvoweling
2330,kmaren,kmarin,sound-alter
2331,kmarin,kemarin,disemvoweling
2332,gmana,gimana,disemvoweling
2334,yooo,yo,sound-alter
2336,pngen,pingin,sound-alter
2340,ootd,outfit of the day,acronym
2342,gimna,gimana,disemvoweling
2343,gimana,bagaimana,shorten
2344,yk,yok,disemvoweling
2345,yok,ayo,sound-alter
2346,saay,say,sound-alter
2347,say,sayang,shorten
2351,paan,apaan,shorten
2352,apaan,apa,affixation
2353,nyenengin,menyenangkan,affixation
2354,gx,gak,sound-alter
2356,pngn,pingin,disemvoweling
2358,mksih,makasih,disemvoweling
2359,makasih,terima kasih,shorten
2360,ntn,nonton,disemvoweling
2361,nonton,tonton,affixation
2362,dahh,dah,sound-alter
2363,dah,sudah,shorten
2365,k mn,ke mana,disemvoweling
2366,ngeliatin,melihat,affixation
2367,bner,bener,disemvoweling
2368,bener,benar,sound-alter
2370,ustadz abdul somad,ustaz abdul somad,sound-alter
2371,depe,dp,sound-alter
2372,dp,down payment,acronym
2374,fgd,focus group discussion,acronym
2378,telepon wa,telepon whatsapp,acronym
2379,pasih,apasih,shorten
2380,pasih,apa sih,space-dash
2381,hitz,hits,sound-alter
2383,cwek,cewek,disemvoweling
2385,mee,me,sound-alter
2387,adek-adek,adik-adik,sound-alter
2388,adek2,adek-adek,space-dash
2389,cuz,because,shorten
2391,tiati,atiati,shorten
2392,atiati,ati-ati,space-dash
2393,ati-ati,hati-hati,sound-alter
2394,tmn2,teman2,disemvoweling
2395,teman2,teman-teman,space-dash
2396,sooo,so,sound-alter
2398,gaa,ga,sound-alter
2400,sbb,sorry baru balas,acronym
2402,bntr,bentar,disemvoweling
2403,bentar,sebentar,shorten
2404,pjg,pnjng,shorten
2405,pnjng,panjang,disemvoweling
2406,bct,bacot,disemvoweling
2408,bocil,bocah cilik,acronym
2410,gabole,ga bole,space-dash
2411,ga bole,ga boleh,sound-alter
2413,yey,yeah,sound-alter
2415,apal,afal,sound-alter
2416,afal,hafal,sound-alter
2417,tenkyu,thankyou,sound-alter
2419,bget,banget,shorten
2421,satnight,sat night,space-dash
2422,sat night,saturday night,shorten
2424,pliss,please,sound-alter
2428,puede,pede,sound-alter
2429,pede,percaya diri,acronym
2431,lngsng,langsung,disemvoweling
2432,bcs,because,disemvoweling
2434,ngefans,fans,affixation
2436,mlaku,melaku,disemvoweling
2438,cwo,cowo,disemvoweling
2440,folbek,followback,sound-alter
2442,kuyyy,kuy,sound-alter
2444,marahin,memarahi,affixation
2446,yaudahlah,ya udahlah,space-dash
x,ya udahlah,ya sudahlah,sound-alter
2452,gapake,ga pake,space-dash
2455,skrng,sekarang,disemvoweling
2456,mblo,jomblo,shorten
2457,jgan,jangan,shorten
2458,maapin,maafkan,affixation
2459,gituuu,gitu,sound-alter
2460,gitu,begitu,shorten
2461,rapopo,ra po po,space-dash
2462,ra po po,ora opo opo,shorten
2464,bilangin,bilang,affixation
2466,bgtt,bngt,sound-alter
2467,bngt,banget,disemvoweling
2469,nyemil,mengemil,affixation
2470,balikin,kembalikan,affixation
2471,ngebacot,bacot,affixation
2473,boking,booking,shorten
2475,anjir,anjing,sound-alter
2476,njir,anjir,shorten
2478,y,iya,disemvoweling
2479,bareng2,bareng-bareng,space-dash
2481,guysss,guys,sound-alter
2483,nunjukin,menunjukkan,affixation
2484,pcx,pack,sound-alter
2486,dimana2,dimana-mana,space-dash
2487,dech,dah,sound-alter
2488,dah,sudah,shorten
2489,makan2,makan-makan,space-dash
2490,kepake,terpake,affixation
2492,deg2an,deg-degan,space-dash
2494,ngebolam,bolang,affixation
2496,120rb,120 rb,space-dash
2497,120 rb,120 ribu,disemvoweling
2498,smo,smp,sound-alter
2499,smp,sampai,disemvoweling
2500,bruh,bro,sound-alter
2501,bro,brother,shorten
2503,liat2,lihat2,sound-alter
2504,lihat2,lihat-lihat,space-dash
2505,sering2,sering-sering,space-dash
2506,nontonin,menonton,affixation
2507,ttep,tetep,sound-alter
2508,ttp,tetap,disemvoweling
2509,gakuat,ga kuat,space-dash
2511,sprei,seprai,sound-alter
2512,kotagede,kota gede,space-dash
2514,yokk,yo,sound-alter
2515,yo,ayo,shorten
2516,kuingin,akuingin,shorten
2517,akuingin,aku ingin,space-dash
2518,jng,jngn,shorten
2519,jngn,jangan,disemvoweling
2520,ngomel,mengomel,affixation
2522,panas2,panas-panas,space-dash
2523,gf,girl friend,acronym
2525,otewe,ontheway,sound-alter
2533,edt,edit,disemvoweling
2535,tbh,to be honest,acronym
2538,kpn,kapan,disemvoweling
2545,beud,banget,sound-alter
2552,looo,lo,sound-alter
2555,ciwi,cewe,sound-alter
2557,bgttt,bngt,sound-alter
2561,110 cm,110 centimeter,affixation
2562,fakenail,fake nail,space-dash
2564,niii,ni,sound-alter
2565,ni,ini,shorten
2566,collab,collaboration,shorten
2568,yasinan,yasin,affixation
2569,yasinan,membaca yasin,shorten
2570,manteman,temanteman,shorten
2571,man-teman,teman-teman,shorten
2573,rangorang,orangorang,shorten
2574,orangorang,orang-orang,space-dash
2575,gangerti,ga ngerti,space-dash
2576,ga ngerti,ga mengerti,affixation
2578,jaim,ja im,space-dash
2579,ja im,jaga image,acronym
2581,happines,happiness,sound-alter
2583,makasii,makasih,sound-alter
2584,makasih,terimakasih,shorten
2585,yuuu,yo,sound-alter
2586,yo,ayo,shorten
2587,makasihhh,makasih,sound-alter
2588,makasih,terima kasih,shorten
2589,20rb,20 rb,space-dash
2590,20 rb,20 ribu,disemvoweling
2591,bikinin,buatkan,affixation
2592,nyender,menyandar,affixation
2593,ngmng,ngomong,disemvoweling
2595,cz,cause,sound-alter
2596,cause,because,shorten
2598,ngedate,date,affixation
2600,wellcome,welcome,sound-alter
2602,samperin,menyamperi,affixation
2603,plisss,please,sound-alter
2605,500rb,500 rb,space-dash
2606,500 rb,500 ribu,disemvoweling
2607,skuad,squad,sound-alter
2609,goodluck,good luck,space-dash
2611,fakboi,fuck boy,sound-alter
2612,bagus2,bagus-bagus,space-dash
2613,satu2,satu-satu,space-dash
2614,jarang2,jarang-jarang,space-dash
2615,kuyyy,kuy,sound-alter
2616,kuy,yuk,rev
2617,gw,gue,sound-alter
2622,gaes,guys,sound-alter
2624,komen,berkomentar,shorten
2626,plg,plng,shorten
2630,ngegas,mengegas,affixation
2631,testi,testimoni,shorten
2632,200rb,200 rb,space-dash
2638,Yogya,Yogyakarta,shorten
2639,Jogja,Yogya,sound-alter
2641,nangis,menangis,affixation
2642,1010mb,1010 mb,space-dash
2643,iyaa,iya,sound-alter
2647,srby,surabaya,disemvoweling
2648,sby,surabaya,shorten
2650,bpk,bapak,disemvoweling
2651,bp,bapak,shorten
2652,plis,please,sound-alter
2653,nntn,nonton,disemvoweling
2655,php,pemberi harapan palsu,acronym
2656,kcp,kecap,disemvoweling
2663,17 thn,17 tahun,disemvoweling
2664,17thn,17 tahun,space-dash
2665,17 th,17 tahun,shorten
2669,bagaimanapun,bagaimana pun,space-dash
2671,hahaha,wkwkkwkw,sound-alter
2674,t4,tempat,sound-alter
2675,60ribu,60 ribu,space-dash
2676,60rb,60 rb,space-dash
2677,60 rb,60 ribu,disemvoweling
2679,keempat,ke empat,space-dash
2680,daritadi,dari tadi,space-dash
2684,bedua,berdua,sound-alter
2686,naikturun,naik turun,space-dash
2689,pabji,PUBG,sound-alter
2691,pcs,pieces,disemvoweling
2695,ajg,anjing,disemvoweling
2697,kyknya,kayaknya,disemvoweling
2699,nggk,enggak,disemvoweling
2701,enggakpunya,enggak punya,space-dash
2708,bensu,Ruben Onsu,acronym
2713,bai,bye,sound-alter
2715,gwa,gue,sound-alter
2716,unfoll,unfollow,shorten
2717,ta kan,tak akan,shorten
2718,takan,ta kan,space-dash
2720,req,request,shorten
2722,ga,enggak,shorten
2724,i'm,i am,shorten
2725,im,i'm,space-dash
2728,wkwkwk,hahaha,sound-alter
2729,pake,memakai,sound-alter
2730,pengen,ingin,sound-alter
2732,tp,ttp,shorten
2735,2kmh,2 kmh,space-dash
2737,bgt,banget,disemvoweling
2739,gw,gue,sound-alter
2741,1 kmh,1 kilometer per hour,acronym
2742,1kmh,1 kmh,space-dash
2743,kalo,kalau,sound-alter
2744,klo,kalo,shorten
2745,tuh,itu,sound-alter
2747,nggak,enggak,shorten
2749,3 kmh,3 kilometer per hour,acronym
2750,3kmh,3 kmh,space-dash
2752,nggk,enggak,disemvoweling
2753,gk,nggk,shorten
2755,ngga,enggak,shorten
2757,ko,kok,shorten
2758,hehe,hahaha,sound-alter
2760,vs,versus,shorten
2761,wkwkw,hahaha,sound-alter
2762,bgt,begitu,disemvoweling
2763,gt,bgt,shorten
2765,memg,memang,disemvoweling
2769,gatau,ga tau,space-dash
2771,mikir,pikir,sound-alter
2773,nanya,tanya,sound-alter
2779,gabisa,ga bisa,space-dash
2780,yuk,ayo,sound-alter
2781,kuy,ayo,rev
2787,knp,kenapa,disemvoweling
2788,ne,ini,sound-alter
2792,gaes,guys,sound-alter
2794,bgmn,bagaimana,disemvoweling
2797,yaudah,ya udah,space-dash
2799,kyk,kayaknya,disemvoweling
2801,jo,ojo,shorten
2803,ur,your,sound-alter
2805,ga pa pa,enggak apa-apa,shorten
2806,gapapa,ga pa pa,space-dash
2808,gtu,begitu,shorten
2812,beb,baby,sound-alter
2814,ga mau,enggak mau,shorten
2815,gamau,ga mau,space-dash
2817,del,delete,shorten
2819,ngak,enggak,shorten
2821,ga ada,enggak ada,shorten
2824,kaga,kagak,shorten
2826,ga usah,enggak usah,shorten
2829,su,asu,shorten
2831,thx,thanks,shorten
2834,smpe,sampai,disemvoweling
2836,kayanya,kayaknya,shorten
2837,ajah,saja,sound-alter
2842,max,maximum,shorten
2843,nunggu,menunggu,affixation
2846,keknya,kayaknya,sound-alter
2848,blg,berkata,disemvoweling
2850,blang,bilang,disemvoweling
2853,teman2,teman-teman,sound-alter
2854,temen2,teman2,sound-alter
2856,bener2,benar2,sound-alter
2857,kos,indekos,shorten
2859,bday,birthday,shorten
2861,nggk,enggak,disemvoweling
2862,ngk,nggk,shorten
2863,neh,ini,sound-alter
2864,kt,kita,disemvoweling
2865,qt,kt,sound-alter
2867,bt,boring time,acronym
2869,congrats,congratulations,shorten
2871,bb,baby,shorten
2873,ml,make love,acronym
2874,kosan,indekos,shorten
2875,ms,yang benar,disemvoweling
2876,nyesel,menyesal,affixation
2879,ajaa,saja,sound-alter
2882,pgn,pingin,disemvoweling
2884,bgmna,bagaimana,disemvoweling
2885,gmna,bgmna,shorten
2898,wkw,wkwkwk,shorten
2899,d mn,di mana,disemvoweling
2907,ga pernah,enggak pernah,shorten
2908,gapernah,ga pernah,space-dash
2909,mantul,mantap sekali,acronym
2912,knpa,kenapa,disemvoweling
2919,bby,baby,disemvoweling
2921,rmv,remove,disemvoweling
2923,tb-tb,tiba-tiba,disemvoweling
2924,tbtb,tb-tb,space-dash
2926,acc,accord,acronym
2929,pake,pakai,sound-alter
2930,pke,pake,disemvoweling
2931,sdh,sudah,disemvoweling
2932,dh,sdh,shorten
2933,sbntr,sebentar,disemvoweling
2934,ntr,sbntr,shorten
2935,liatnya,melihat -nya,shorten
2936,nihh,ini,sound-alter
2937,wkwkwk,hahaha,sound-alter
2938,wk,wkwkwk,shorten
2941,ga suka,enggak suka,shorten
2942,gasuka,ga suka,space-dash
2944,ndk,ndak,disemvoweling
2945,trima kasih,terima kasih,shorten
2946,trimakasih,trima kasih,space-dash
2951,nikmatin,menikmati,affixation
2953,kmren,kemaren,disemvoweling
2955,beliin,belikan,affixation
2956,ngajak,mengajak,affixation
2957,ngajakin,ngajak,affixation
2960,bantuin,bantu,affixation
2963,temen,teman,sound-alter
2964,temenan,temen,affixation
2965,ninggal,meninggalkan,affixation
2966,ninggalin,ninggal,affixation
2967,kalaw,kalau,sound-alter
2968,klw,kalaw,disemvoweling
2969,ngurus,mengurusi,affixation
2972,kzl,ksl,sound-alter
2974,balek,balik,sound-alter
2977,ngikuti,mengikuti,affixation
2980,thank u,thank you,sound-alter
2981,tq,thank u,acronym
2988,gaess,guys,sound-alter
2995,yess,yes,sound-alter
2997,gws,get well soon,acronym
3002,gajadi,ga jadi,space-dash
3004,ngarep,harap,sound-alter
3007,551pm,511 pm,space-dash
3012,temeni,temani,sound-alter
3014,ngasi,mengasih,affixation
3017,gais,guys,sound-alter
3018,tetiba,tiba-tiba,sound-alter
3019,muter,berputar,sound-alter
3020,keinget,teringat,affixation
3022,552pm,552 pm,space-dash
3024,bm,black money,acronym
3028,hepi,happy,sound-alter
3031,brader,brother,sound-alter
3033,kya,kayak,shorten
3037,gaesss,guys,sound-alter
3039,kyak,kayak,disemvoweling
3040,jadul,jaman dulu,acronym
3043,slamet,selamat,sound-alter
3045,bgni,begini,disemvoweling
3047,emak2,emak-emak,space-dash
837,op,operator,acronym
x,egp,emang gue pikirin,acronym
1121,ojol,ojek online,acronym
349,kel,kelurahan,acronym
1412,satker,satuan kerja,acronym
367,gabut,gaji buta,acronym
1120,jaksel,Jakarta Selatan,acronym
672,medsos,sosial media,acronym
2003,nyampah,menyampah,affixation
776,og,original,acronym
1525,wrwb,warahmatullahi wabarakatuh,acronym
712,gr,gara-gara,acronym
2014,yth,yang terhormat,acronym
1533,copas,copy paste,acronym
1404,ppsu,penanganan sarana dan prasarana umum,acronym
1148,gatsu,gatot subroto,acronym
1990,gercep,gerak cepat,acronym
53,sd,sekolah dasar,acronym
793,ponpes,pondok pesantren,acronym
41,vid,video,shorten
1509,satpol,satuan polisi,acronym
2554,baksos,bakti sosial,acronym
1292,lahiran,melahirkan,affixation
3013,temenin,temeni,affixation
2118,cobain,cobalah,affixation
1526,kabarin,kabari,affixation
2984,ginian,gini,affixation
1850,lewatin,melewati,affixation
1260,ngaruh,berpengaruh,affixation
1497,salfok,salah fokus,acronym
2682,maskeran,memakai masker,affixation
2116,dengerin,dengarkan,affixation
1300,nontonnya,menontonnya,affixation
1845,ngamen,mengamen,affixation
x,jauhin,menjauhi,affixation
1848,nyusahin,menyusahkan,affixation
x,ngebebanin,membebani,affixation
2986,senyumin,memberi senyum,affixation
2315,siapin,siapkan,affixation
2325,pantengin,pantengi,affixation
2328,bayarin,membayarkan,affixation
3035,kepengen,pengen,affixation
1512,mainin,mainkan,affixation
2348,deketin,mendekati,affixation
1017,diajakin,diajak,affixation
2948,masukin,masuk,affixation
1832,dimasukin,dimasukkan,affixation
x,munculin,memunculkan,affixation
444,ngaku,mengaku,affixation
2999,ajarin,ajar,affixation
1493,mimpiin,memimpikan,affixation
202,dengerin,mendengarkan,affixation
1307,dikerjain,dikerjakan,affixation
1308,arts,artis,disemvoweling
411,kpd,kepada,disemvoweling
1714,mnta,minta,disemvoweling
1477,sbnrnya,sebenarnya,disemvoweling
x,sbnarnya,sebenarnya,disemvoweling
1479,kntl,kontol,disemvoweling
299,dn,dan,disemvoweling
x,cpet,cepet,disemvoweling
379,sbg,sebagai,disemvoweling
x,bangke,bangkai,sound-alter
293,seger,segar,sound-alter
2971,ksl,kesal,disemvoweling
221,lgi,lagi,disemvoweling
10,km,kamu,disemvoweling
1475,btl,betul,disemvoweling
x,mnbung,menabung,disemvoweling
1298,brg,barang,disemvoweling
x,pdh,pedih,disemvoweling
x,jngkar,jangkar,disemvoweling
x,jngkir,jungkir,disemvoweling
1726,pnting,penting,disemvoweling
961,150rb,150 ribu,disemvoweling
2711,tmpat,tempat,disemvoweling
x,tnmn,tanaman,disemvoweling
2447,dsini,disini,disemvoweling
1767,350rb,350 ribu,disemvoweling
2621,kkk,kakak,disemvoweling
x,mkanan,makanan,disemvoweling
322,bth,butuh,disemvoweling
x,sob,bos,rev
2269,skuy,yuks,rev
22,gini,begini,shorten
471,koyo,koyok,sound-alter
2706,nggo,monggo,shorten
468,masing2,masing-masing,space-dash
809,lalui,melalui,affixation
296,ujan,hujan,sound-alter
2983,gini,begini,shorten
2529,sala lu,salah lu,sound-alter
2672,gub,gubernur,shorten
2300,duh,aduh,shorten
714,ngurus,mengurus,affixation
1503,naikin,menaikkan,affixation
2693,testi,testimony,shorten
846,pura2,pura-pura,space-dash
2786,cewe,cewek,sound-alter
2454,skr,skrng,shorten
3010,ky,kyk,shorten
2549,gaje,gajelas,shorten
990,sadari,menyadari,affixation
1006,tmpt,tempat,disemvoweling
850,maba,mahasiswa baru,acronym
2985,temani,menemani,shorten
2240,mon maap,mohon maap,sound-alter
2445,yaudahlah,yasudahlah,sound-alter
2795,gmn,bgmn,shorten
717,jauh2,jauh-jauh,space-dash
2678,siang2,siang-siang,space-dash
2990,ga boleh,enggak boleh,shorten
858,dih,idih,shorten
2796,ya udah,ya sudah,sound-alter
2430,lsg,lngsng,shorten
2313,rame2,rame-rame,space-dash
2426,folback,followback,shorten
2295,ya,iya,shorten
305,numpang,menumpang,affixation
3003,ngarap,berharap,affixation
2231,thru,through,sound-alter
300,jalan2,jalan-jalan,space-dash
690,temennya,teman-nya,sound-alter
964,koffie,kopi,sound-alter
558,beraktifitas,beraktivitas,sound-alter
1473,rejekinya,rezekinya,sound-alter
2902,horison,horizon,sound-alter
557,santuy,santai,sound-alter
1439,adeknya,adiknya,sound-alter
1041,bakmie,bakmi,sound-alter
546,velg,pelek,sound-alter
2928,nite,night,sound-alter
211,denger,dengar,sound-alter
1460,jamannya,zamannya,sound-alter
1052,jowo,jawa,sound-alter
845,sallam,salam,sound-alter
x,sumpahhh,sumpah,sound-alter
831,ehhh,eh,sound-alter
1448,yuhuuu,yuhu,sound-alter
562,kedhai,kedai,sound-alter
806,oom,om,sound-alter
2376,callwa,call wa,space-dash
2256,5k,5 k,space-dash
1368,gunungsari,gunung sari,space-dash
2254,akutuh,aku tuh,space-dash
44,dimana,di mana,space-dash
x,kekanan,ke kanan,space-dash
2239,monmaap,mon maap,space-dash
657,didunia,di dunia,space-dash
2369,ustadzabdulsomad,ustadz abdul somad,space-dash
2319,satnite,sat nite,space-dash
1521,diwaktu,di waktu,space-dash
1363,matahati,mata hati,space-dash
2560,110cm,110 cm,space-dash
2364,kmn,k mn,space-dash
645,kata2,kata-kata,space-dash
2526,ontheway,on the way,space-dash
36,terimakasih,terima kasih,space-dash
2228,olshop,ol shop,space-dash
445,kerumah,ke rumah,space-dash
2349,badmood,bad mood,space-dash
x,proyek2,proyek-proyek,space-dash
1884,makasihh,terima kasih,space-dash
2878,follback,follow back,space-dash
2528,salalu,salalu,space-dash
2900,dmn,d mn,space-dash
273,siapapun,siapa pun,space-dash
x,sabeb,bebas,rev
x,tubir,ribut,rev
x,kadit,tidak,rev
x,kane,enak,rev
x,alig,gila,rev
x,hujut hulup,tujuh puluh,rev
x,eug,gue,rev
x,takis,sikat,rev
x,lolot,tolol,rev
x,hacep,pecah,rev
x,ogeb,bego,rev
x,sam,mas,rev
x,tikas,sakit,rev
x,nyerap,menyerap,affixation
1496,goblog,goblok,sound-alter
346,diklat,pendidikan kilat,acronym
843,50rb,50000,acronym
1147,busui,ibu menyusui,acronym
2734,2 kmh,2 kilometer per hour,acronym
772,sg,Singapura,acronym
1416,pulkam,pulang kampung,acronym
833,drakor,drama korea,acronym
366,sosmed,sosial media,acronym
1960,nambahin,menambahkan,affixation
2619,cm,centimeter,acronym
1495,dsb,dan sebagainya,acronym
x,galfok,gagal fokus,acronym
1532,wagub,wakil gubernur,acronym
2025,rsj,rumah sakit jiwa,acronym
56,ig,Instagram,acronym
1005,bersihin,membersihkah,affixation
2312,ngajarin,mengajarkan,affixation
584,kebayang,terbayang,affixation
400,nulis,menulis,affixation
x,ngebatin,membatin,affixation
2917,dapetin,mendapatkan,affixation
1841,ngelamar,melamar,affixation
200,nongkrong,menongkrong,affixation
2687,mahasiswai,mahasiswa,sound-alter
208,kirain,saya kira,affixation
2126,narik,tarik,affixation
2844,nungguin,nunggu,affixation
2125,lewatin,lewatkan,affixation
2970,ngurusin,ngurus,affixation
1494,diapain,diapakan,affixation
502,kebangun,terbangun,affixation
2978,ngikutin,ngikuti,affixation
1820,ngundang,mengundang,affixation
2896,ngomongin,ngomong,affixation
553,ngaji,mengaji,affixation
x,ngomenin,mengomentari,affixation
560,nyusul,menyusul,affixation
2634,dapetin,dapatkan,affixation
x,semangatin,menyemangati,affixation
x,nyemangatin,menyemangati,affixation
1849,ngadu,mengadu,affixation
x,kcl,kecil,disemvoweling
1306,bls,balas,disemvoweling
1290,gblk,goblok,disemvoweling
x,bsr,besar,disemvoweling
1931,tnpa,tanpa,disemvoweling
x,gdg,gedung,disemvoweling
x,tnggi,tinggi,disemvoweling
107,tgl,tanggal,disemvoweling
1910,twt,tweet,disemvoweling
2633,200 rb,200 ribu,disemvoweling
x,ttup,tutup,disemvoweling
x,brngkt,berangkat,disemvoweling
106,ak,aku,disemvoweling
x,pmn,paman,disemvoweling
1927,sgala,segala,disemvoweling
x,tnte,tante,disemvoweling
24,lg,lagi,disemvoweling
x,met,selamet,shorten
1692,brani,berani,disemvoweling
14,rp,rupiah,disemvoweling
905,bnr,benar,disemvoweling
243,kmu,kamu,disemvoweling
1942,kmna,kemana,disemvoweling
x,prgi,pergi,disemvoweling
x,dlem,dalem,disemvoweling
1779,masang,memasang,affixation
x,dalem,dalam,sound-alter
116,kk,kakak,disemvoweling
1913,skolah,sekolah,disemvoweling
x,mah,mamah,shorten
1444,cpk,capek,disemvoweling
2627,plg,paling,disemvoweling
x,pah,papah,shorten
1786,eug,gue,rev
824,este,es teh,shorten
2768,ga tau,enggak tahu,shorten
2303,lum,belum,shorten
2668,gni,begini,shorten
729,manggil,memanggil,affixation
1002,nganggur,menganggur,affixation
976,ngilang,menghilang,affixation
2702,ga punya,enggak punya,shorten
2775,nda,ndak,shorten
1492,nabrak,menabrak,affixation
3001,ga jadi,enggak jadi,shorten
1003,kluar,keluar,disemvoweling
2548,sam sek,sama sekali,acronym
x,btuh,butuh,disemvoweling
2531,prewed,pre-wedding,shorten
727,lama2,lama-lama,space-dash
2290,baperan,bawa perasaan,acronym
2688,ngeteh,mengeteh,affixation
1502,nyiapin,menyiapkan,affixation
1482,nugas,menugas,affixation
2449,dikit2,sedikit-sedikit,space-dash
x,nyimpan,menyimpan,affixation
x,nyombong,menyombong,affixation
x,bngung,bingung,disemvoweling
1513,berkali2,berkali-kali,space-dash
2247,mahami,memahami,affixation
474,negri,negeri,disemvoweling
2766,emg,memg,shorten
979,tdur,tidur,disemvoweling
x,layang2,layang-layang,space-dash
2234,klian,kalian,disemvoweling
3011,temani,temeni,sound-alter
2543,terimakasi,terimakasih,sound-alter
810,yakan,iyakan,shorten
722,nitip,menitip,affixation
1277,hilih,halah,sound-alter
72,dapet,dapat,sound-alter
692,anget,hangat,sound-alter
1256,mikirnya,pikirnya,sound-alter
1054,walopun,walaupun,sound-alter
1046,walhamdulillah,alhamdulilah,sound-alter
x,waaaah,wah,sound-alter
619,sukak,suka,sound-alter
1276,aqui,akui,sound-alter
30,que,kue,sound-alter
1686,qaqa,kakak,sound-alter
951,baruu,baru,sound-alter
796,pegel,pegal,sound-alter
1451,taik,tahi,sound-alter
857,sperti,seperti,sound-alter
2962,selow,slow,sound-alter
x,kawanqu,kawanku,sound-alter
2916,dapetin,dapat,sound-alter
550,cemilan,camilan,sound-alter
1271,xtra,ekstra,sound-alter
168,maap,maaf,sound-alter
2892,shopz,shops,sound-alter
552,berantem,berhantam,sound-alter
800,oalah,walah,sound-alter
928,wahh,wah,sound-alter
566,suroboyo,surabaya,sound-alter
215,dateng,datang,sound-alter
1274,cieee,ciye,sound-alter
1684,bersholawat,berselawat,sound-alter
787,sutera,sutra,sound-alter
205,deket,dekat,sound-alter
802,ketauan,ketahuan,sound-alter
2887,koq,kok,sound-alter
2244,openbooking,open booking,space-dash
2822,gaada,ga ada,space-dash
1919,dikosan,di kos,space-dash
306,1007mb,1007 mb,space-dash
2323,dsni,d sni,space-dash
2547,samsek,sam sek,space-dash
1457,ditangan,di tangan,space-dash
1446,dipagi,di pagi,space-dash
454,6kmh,6 kmh,space-dash
1868,hari2,hari-hari,space-dash
298,diaplikasi,di aplikasi,space-dash
1862,diposisi,di posisi,space-dash
2544,terimakasih,terima kasih,space-dash
677,dihari,di hari,space-dash
x,didapur,di dapur,space-dash
2539,gaperlu,ga perlu,space-dash
2827,gausah,ga usah,space-dash
613,22c,22 c,space-dash
431,dipasaran,di pasaran,space-dash
438,ibukota,ibu kota,space-dash
x,kilab,balik,rev
x,urab,baru,rev
x,libom,mobil,rev
x,rotom,motor,rev
x,nakam,makan-makan,rev
x,enam,mane,rev
x,anam,mana,rev
x,utas,satu,rev
x,aud,dua,rev
x,agit,tiga,rev
x,sutup,putus,rev
x,ucul,lucu,rev
x,ledom,model,rev
x,naracap,pacaran,rev
x,kinap,panik,rev
x,ngab,bangsat,rev
x,ngalam,malang,rev
x,arek,kera,rev
x,ipok,kopi,rev
x,edapes,sepeda,rev
x,asaib,biasa,rev
x,rudit,tidur,rev
x,isilop,polisi,rev
x,thankyou,thank you,space-dash
x,terimakasih,terima kasih,space-dash
x,betulin,betul,affixation
2661,rasain,merasakan,affixation
1267,nemuin,menemukan,affixation
2840,ngeliat,melihat,affixation
x,ngecap,mengecap,affixation
x,ttpi,tetapi,disemvoweling
13,jl,jalan,disemvoweling
1443,malem2,malem-malem,space-dash
x,malem-malem,malam-malam,sound-alter
377,kmrn,kemarin,disemvoweling
2704,cwe,cewek,disemvoweling
319,br,baru,disemvoweling
x,kta,kita,disemvoweling
391,bnyk,banyak,disemvoweling
926,mgkn,mungkin,disemvoweling
1317,sndri,sendiri,disemvoweling
297,pdhl,padahal,disemvoweling
3005,klau,kalau,disemvoweling
397,brp,berapa,disemvoweling
1949,mkan,makan,disemvoweling
1908,mgkin,mungkin,disemvoweling
249,hr,hari,disemvoweling
x,ngab,bang,rev
2709,bc,because,shorten
x,nebus,menebus,affixation
x,ngundan,mengundang,shorten
876,knapa,kenapa,disemvoweling
639,yuuk,ayo,sound-alter
703,hahahha,hahaha,sound-alter
1268,iyaaaa,iya,sound-alter
623,nie,ini,sound-alter
956,pagii,pagi,sound-alter
862,ajaaa,saja,sound-alter
853,heheh,hahaha,sound-alter
1478,adaa,ada,sound-alter
1039,baek,baik,sound-alter
721,yha,iya,sound-alter
1064,gilak,gila,sound-alter
838,iyah,iya,sound-alter
914,gass,gas,sound-alter
57,mo,mau,sound-alter
1043,pagiii,pagi,sound-alter
848,ituu,itu,sound-alter
51,yo,ya,sound-alter
1037,yeee,iya,sound-alter
719,teros,terus,sound-alter
1438,hahhaha,hahaha,sound-alter
948,samaan,sama,sound-alter
953,akuuu,aku,sound-alter
214,waroeng,warung,sound-alter
55,aamiin,amin,sound-alter
638,amiin,amin,sound-alter
2905,kedepannya,ke depan,space-dash
1384,insyallah,insya allah,space-dash
x,ngepak,mengepak,affixation
1009,ktemu,bertemu,affixation
x,ngotorin,mengotori,affixation
2329,nganter,mengantar,affixation
2338,ngepost,post,affixation
406,smg,semoga,disemvoweling
251,lgsg,langsung,disemvoweling
913,sk,suka,disemvoweling
1,yg,yang,disemvoweling
x,kykny,kayaknya,disemvoweling
392,bnyak,banyak,disemvoweling
x,bkp,bokap,disemvoweling
27,utk,untuk,disemvoweling
204,krna,karena,disemvoweling
x,kmrn,kemarin,disemvoweling
18,dr,dari,disemvoweling
246,bsa,bisa,disemvoweling
98,dlm,dalam,disemvoweling
2450,ngmg,ngomong,disemvoweling
889,dng,dengan,disemvoweling
x,ckp,cukup,disemvoweling
109,pd,pada,disemvoweling
3029,msi,masih,shorten
23,udh,sudah,shorten
473,hy,hai,sound-alter
6,udah,sudah,shorten
x,begimane,bagaimana,sound-alter
320,takkan,tak akan,shorten
520,org2,orang-orang,space-dash
625,lheue,lho,sound-alter
50,se,sih,sound-alter
792,kelen,kalian,sound-alter
693,lhok,lho,sound-alter
867,rumoh,rumah,sound-alter
697,akuu,aku,sound-alter
549,soleh,saleh,sound-alter
716,jugaa,juga,sound-alter
1262,lahhh,lah,sound-alter
2894,blom,belum,sound-alter
2914,geesss,guys,sound-alter
150,hallo,halo,sound-alter
915,ea,iya,sound-alter
20,yaa,ya,sound-alter
864,qta,kita,sound-alter
1441,ehehe,hehe,sound-alter
834,wkkw,hahaha,sound-alter
715,mantab,mantap,sound-alter
x,hohoho,hahaha,sound-alter
2880,hihi,hahaha,sound-alter
1069,teruss,terus,sound-alter
149,hehehe,hahaha,sound-alter
143,wkwkwkwk,hahaha,sound-alter
628,anjay,anjing,sound-alter
626,lahh,lah,sound-alter
1047,lagiii,lagi,sound-alter
879,ahahaha,hahaha,sound-alter
1687,iniii,ini,sound-alter
794,anjeng,anjing,sound-alter
627,gasss,gas,sound-alter
209,iii,ih,sound-alter
947,inii,ini,sound-alter
1266,alhamdulillaah,alhamdulillah,sound-alter
x,bls,balas,disemvoweling
37,disini,di sini,space-dash
x,gamasalah,ga masalah,space-dash
